{"stats":{"minecraft:custom":{"minecraft:mob_kills":22,"minecraft:open_barrel":1,"minecraft:interact_with_crafting_table":1,"minecraft:play_one_minute":129410,"minecraft:leave_game":4,"minecraft:time_since_death":129410,"minecraft:sleep_in_bed":2,"minecraft:climb_one_cm":4844,"minecraft:time_since_rest":16278,"minecraft:waystone_activated":1,"minecraft:sprint_one_cm":124756,"minecraft:walk_one_cm":236447,"minecraft:drop":42,"minecraft:damage_dealt":3786,"minecraft:fly_one_cm":662431,"minecraft:open_chest":1,"minecraft:crouch_one_cm":12762,"tombstone:undead_killed":2,"minecraft:sneak_time":4646,"minecraft:walk_under_water_one_cm":877,"tombstone:villager_killed":15,"minecraft:jump":1270,"minecraft:walk_on_water_one_cm":1587},"minecraft:dropped":{"minecraft:iron_sword":4,"minecraft:stone_axe":4,"rats:plague_doctor_mask":1,"minecraft:ender_pearl":1,"minecraft:cooked_porkchop":256,"iceandfire:armor_copper_metal_chestplate":2,"iceandfire:armor_copper_metal_helmet":2,"minecraft:golden_apple":66,"iceandfire:armor_silver_metal_boots":2,"iceandfire:armor_silver_metal_leggings":2,"iceandfire:armor_copper_metal_boots":2,"iceandfire:armor_silver_metal_chestplate":3,"minecraft:stone_pickaxe":4,"iceandfire:armor_copper_metal_leggings":2,"iceandfire:armor_silver_metal_helmet":2},"minecraft:used":{"minecraft:oak_fence":19,"alexsmobs:spawn_egg_raccoon":5,"minecraft:spruce_slab":27,"minecraft:gray_carpet":2,"minecraft:light_gray_carpet":2,"minecraft:chest":2,"minecraft:stone":155,"minecraft:iron_sword":4,"minecraft:spruce_fence_gate":2,"minecraft:cobblestone_slab":15,"unusualend:ender_blob_spawn_egg":1,"minecraft:white_wool":44,"minecraft:dirt":39,"minecraft:white_carpet":10,"minecraft:oak_slab":1,"minecraft:crafting_table":1,"minecraft:brown_banner":4,"minecraft:spruce_stairs":74,"minecraft:cobblestone_wall":2,"minecraft:cyan_wool":35,"minecraft:spruce_fence":35,"minecraft:oak_fence_gate":5,"minecraft:obsidian":19,"minecraft:purple_banner":4,"minecraft:creeper_spawn_egg":1,"minecraft:oak_log":4,"waystones:waystone":1,"cataclysm:infernal_forge":1,"minecraft:oak_stairs":2,"minecraft:lantern":6,"minecraft:grass_block":161,"minecraft:string":4,"minecraft:brown_wool":35,"minecraft:spruce_trapdoor":40,"minecraft:gravel":14,"minecraft:barrel":7,"minecraft:item_frame":23,"minecraft:light_gray_wool":11,"quark:frog_spawn_egg":1,"minecraft:bow":17,"minecraft:scaffolding":6,"minecraft:white_banner":33,"minecraft:grass_path":421,"minecraft:smooth_stone_slab":10,"minecraft:cyan_banner":13,"minecraft:purple_carpet":18,"minecraft:gray_wool":15,"minecraft:smooth_stone":11},"minecraft:picked_up":{"minecraft:wheat":1,"minecraft:azure_bluet":1,"artifacts:superstitious_hat":1,"minecraft:gunpowder":5,"iceandfire:armor_silver_metal_chestplate":1,"minecraft:cornflower":2,"minecraft:dirt":1,"minecraft:paper":2,"minecraft:white_banner":31,"minecraft:purple_carpet":46,"minecraft:item_frame":28,"minecraft:white_carpet":45,"minecraft:bone":1,"minecraft:wheat_seeds":29,"minecraft:bell":2,"minecraft:poppy":3,"minecraft:book":1,"minecraft:scaffolding":2,"minecraft:dandelion":10,"minecraft:stone_button":1,"minecraft:fermented_spider_eye":1,"minecraft:rotten_flesh":5,"minecraft:writable_book":1,"minecraft:golden_apple":2,"minecraft:sunflower":5,"minecraft:oxeye_daisy":4},"minecraft:killed":{"minecraft:creeper":4,"born_in_chaos_v1:decrepit_skeleton":1,"minecraft:zombie":1,"alexsmobs:crow":1,"minecraft:villager":15}},"DataVersion":2586}