{"stats":{"minecraft:dropped":{"minecraft:iron_sword":4,"minecraft:stone_axe":4,"rats:plague_doctor_mask":1,"iceandfire:armor_silver_metal_boots":2,"iceandfire:armor_silver_metal_leggings":2,"minecraft:cooked_porkchop":256,"iceandfire:armor_copper_metal_boots":2,"iceandfire:armor_silver_metal_chestplate":3,"iceandfire:armor_copper_metal_chestplate":2,"minecraft:stone_pickaxe":4,"iceandfire:armor_copper_metal_helmet":2,"iceandfire:armor_copper_metal_leggings":2,"iceandfire:armor_silver_metal_helmet":2,"minecraft:golden_apple":66},"minecraft:killed":{"minecraft:zombie":1,"born_in_chaos_v1:decrepit_skeleton":1},"minecraft:custom":{"minecraft:time_since_rest":86020,"minecraft:waystone_activated":1,"minecraft:sprint_one_cm":61093,"minecraft:walk_one_cm":58592,"minecraft:mob_kills":2,"minecraft:drop":41,"minecraft:damage_dealt":341,"minecraft:fly_one_cm":326231,"minecraft:open_chest":1,"minecraft:play_one_minute":86020,"minecraft:crouch_one_cm":3285,"tombstone:undead_killed":2,"minecraft:sneak_time":1961,"minecraft:walk_under_water_one_cm":653,"minecraft:jump":548,"minecraft:leave_game":3,"minecraft:time_since_death":86020,"minecraft:walk_on_water_one_cm":609,"minecraft:climb_one_cm":68},"minecraft:picked_up":{"iceandfire:armor_silver_metal_chestplate":1,"minecraft:dirt":1,"minecraft:bone":1,"minecraft:rotten_flesh":5,"minecraft:wheat_seeds":2,"minecraft:golden_apple":2},"minecraft:used":{"minecraft:oak_fence":2,"alexsmobs:spawn_egg_raccoon":5,"waystones:waystone":1,"cataclysm:infernal_forge":1,"minecraft:grass_block":9,"minecraft:iron_sword":4,"unusualend:ender_blob_spawn_egg":1,"minecraft:item_frame":3,"minecraft:white_wool":1,"minecraft:dirt":28,"quark:frog_spawn_egg":1,"minecraft:bow":17,"minecraft:oak_slab":1,"minecraft:spruce_stairs":19,"minecraft:grass_path":20,"minecraft:purple_carpet":1,"minecraft:spruce_fence":1,"minecraft:obsidian":19}},"DataVersion":2586}