{"stats":{"minecraft:custom":{"minecraft:mob_kills":75,"minecraft:interact_with_crafting_table":7,"minecraft:open_barrel":3,"minecraft:damage_dealt_resisted":94,"minecraft:eat_cake_slice":4,"minecraft:leave_game":2,"minecraft:time_since_death":918,"minecraft:climb_one_cm":1358,"minecraft:damage_resisted":127,"minecraft:sprint_one_cm":474444,"minecraft:walk_one_cm":184263,"minecraft:damage_blocked_by_shield":4066,"minecraft:drop":61,"minecraft:damage_dealt_absorbed":40,"minecraft:talked_to_villager":1,"minecraft:deaths":10,"minecraft:sneak_time":2446,"minecraft:walk_under_water_one_cm":300,"minecraft:boat_one_cm":248,"minecraft:jump":1050,"minecraft:walk_on_water_one_cm":5413,"minecraft:interact_with_furnace":1,"minecraft:play_one_minute":67679,"minecraft:sleep_in_bed":1,"minecraft:time_since_rest":341,"minecraft:waystone_activated":1,"minecraft:damage_taken":5016,"minecraft:damage_absorbed":631,"minecraft:damage_dealt":14245,"tombstone:cast_on_ally":0,"minecraft:swim_one_cm":6330,"minecraft:fly_one_cm":225959,"minecraft:open_chest":87,"minecraft:crouch_one_cm":5702,"tombstone:undead_killed":45,"minecraft:fall_one_cm":18391},"minecraft:dropped":{"minecraft:iron_sword":1,"minecraft:brown_mushroom":16,"minecraft:wheat_seeds":1,"minecraft:mossy_cobblestone":5,"minecraft:glass_bottle":3,"minecraft:cooked_porkchop":1,"minecraft:feather":2,"minecraft:cobblestone":11,"minecraft:mossy_stone_brick_stairs":1,"minecraft:cracked_stone_bricks":3,"minecraft:leather_helmet":1,"minecraft:music_disc_13":1,"minecraft:stick":9,"born_in_chaos_v1:monster_skin":2,"minecraft:iron_door":1,"tombstone:grave_dust":2,"minecraft:fermented_spider_eye":3,"minecraft:string":4,"alexsmobs:raccoon_tail":1,"minecraft:cauldron":1,"minecraft:gravel":4,"quark:root_item":3,"minecraft:rotten_flesh":10,"minecraft:pink_carpet":8,"minecraft:name_tag":1,"minecraft:chiseled_stone_bricks":1,"minecraft:tipped_arrow":1,"minecraft:shield":1,"minecraft:allium":3,"minecraft:quartz_block":2,"minecraft:leather_boots":1,"minecraft:leather_leggings":1,"minecraft:spider_eye":1,"minecraft:stone_bricks":5,"minecraft:iron_bars":3,"minecraft:bow":1,"minecraft:stone_pickaxe":1,"minecraft:wooden_pickaxe":6,"minecraft:stone_brick_stairs":1},"minecraft:mined":{"minecraft:stone_pressure_plate":1,"minecraft:spruce_planks":8,"farmersdelight:rich_soil":1,"minecraft:pink_carpet":5,"minecraft:mossy_cobblestone":6,"minecraft:allium":1,"minecraft:chiseled_stone_bricks":1,"minecraft:spawner":30,"farmersdelight:wild_onions":1,"minecraft:furnace":1,"minecraft:iron_ore":6,"minecraft:brown_bed":2,"minecraft:bookshelf":4,"minecraft:vine":2,"minecraft:iron_bars":15,"quark:limestone":1,"minecraft:stone":13,"minecraft:quartz_block":10,"minecraft:crafting_table":1,"minecraft:tall_grass":1,"minecraft:sugar_cane":4,"minecraft:iron_door":1,"minecraft:spruce_log":3,"minecraft:tnt":1,"minecraft:stone_brick_stairs":1,"minecraft:grass":8,"minecraft:oak_log":8,"minecraft:coal_ore":6,"quark:spruce_chest":1,"minecraft:gravel":2,"minecraft:cobweb":33,"minecraft:cracked_stone_bricks":3,"minecraft:stone_bricks":6,"minecraft:mossy_stone_bricks":23,"quark:root":1},"minecraft:crafted":{"minecraft:oak_planks":28,"minecraft:mushroom_stew":2,"quark:spruce_chest":2,"minecraft:crafting_table":2,"minecraft:spruce_planks":12,"minecraft:wooden_pickaxe":1,"minecraft:iron_sword":1,"minecraft:oak_boat":1,"minecraft:shield":2,"minecraft:stick":20,"minecraft:torch":24,"iceandfire:silver_pickaxe":1},"minecraft:killed_by":{"minecraft:stray":2,"born_in_chaos_v1:bonescaller":1,"artifacts:mimic":2,"minecraft:zombie":4,"unusualend:ender_blob":1},"minecraft:used":{"minecraft:iron_bars":7,"minecraft:shield":109,"minecraft:iron_sword":335,"farmersdelight:rich_soil":1,"minecraft:torch":21,"minecraft:spruce_stairs":2,"minecraft:allium":1,"quark:spruce_chest":3,"minecraft:quartz_block":2,"minecraft:stone_bricks":3,"tombstone:gift":4,"minecraft:brown_bed":1,"minecraft:mossy_stone_bricks":42,"minecraft:stone_pickaxe":13,"minecraft:baked_potato":1,"minecraft:wooden_pickaxe":6,"minecraft:mossy_cobblestone":1,"minecraft:golden_apple":2,"farmersdelight:onion":1,"minecraft:crafting_table":2,"iceandfire:silver_pickaxe":41,"minecraft:diamond_pickaxe":74,"minecraft:bread":2,"minecraft:gravel":1,"minecraft:stone_axe":32,"minecraft:cobblestone":1,"minecraft:potion":2,"minecraft:cooked_porkchop":23,"minecraft:oak_boat":1},"minecraft:picked_up":{"minecraft:crafting_table":1,"minecraft:allium":4,"minecraft:leather_leggings":1,"minecraft:chicken":1,"born_in_chaos_v1:seedof_chaos":5,"minecraft:brown_mushroom":12,"minecraft:wooden_pickaxe":5,"minecraft:brown_bed":2,"minecraft:enchanted_book":3,"minecraft:stone_brick_stairs":1,"minecraft:shield":2,"iceandfire:armor_silver_metal_chestplate":1,"minecraft:string":44,"minecraft:cracked_stone_bricks":2,"quark:spruce_chest":1,"minecraft:spruce_planks":10,"iceandfire:armor_silver_metal_leggings":1,"minecraft:oak_boat":1,"minecraft:iron_nugget":7,"quark:root_item":3,"alexsmobs:raccoon_tail":1,"minecraft:sugar_cane":10,"minecraft:furnace":1,"minecraft:tipped_arrow":1,"minecraft:stick":11,"minecraft:torch":5,"minecraft:spruce_stairs":7,"minecraft:pink_carpet":8,"minecraft:white_dye":1,"tombstone:grave_dust":3,"born_in_chaos_v1:pieceofdarkmetal":1,"minecraft:stone_pressure_plate":1,"minecraft:cauldron":1,"minecraft:tnt":1,"minecraft:quartz_block":8,"iceandfire:armor_silver_metal_boots":1,"minecraft:arrow":34,"minecraft:rotten_flesh":22,"farmersdelight:onion":1,"minecraft:iron_bars":16,"minecraft:mutton":2,"minecraft:cobblestone":17,"minecraft:white_wool":2,"farmersdelight:rich_soil":1,"minecraft:leather_chestplate":1,"minecraft:feather":2,"minecraft:cooked_beef":4,"minecraft:iron_door":1,"paraglider:spirit_orb":50,"minecraft:oak_log":7,"minecraft:gunpowder":3,"artifacts:flippers":1,"minecraft:name_tag":1,"born_in_chaos_v1:monster_skin":4,"minecraft:leather_boots":1,"minecraft:bone":40,"minecraft:stone_bricks":12,"minecraft:bow":1,"minecraft:wheat_seeds":1,"iceandfire:armor_silver_metal_helmet":1,"minecraft:stone_pickaxe":2,"minecraft:iron_ore":6,"minecraft:mossy_stone_bricks":88,"minecraft:glass_bottle":2,"minecraft:iron_sword":2,"minecraft:mossy_stone_brick_stairs":1,"minecraft:book":12,"minecraft:cooked_porkchop":64,"minecraft:music_disc_13":1,"minecraft:chiseled_stone_bricks":1,"savageandravage:creeper_spores":2,"minecraft:gravel":5,"minecraft:spruce_log":3,"minecraft:fermented_spider_eye":2,"minecraft:spider_eye":6,"minecraft:mossy_cobblestone":11,"minecraft:leather_helmet":1,"minecraft:stone_axe":1,"minecraft:golden_apple":16,"tombstone:magic_scroll":1,"minecraft:coal":6},"minecraft:broken":{"minecraft:shield":2,"minecraft:iron_sword":1},"minecraft:killed":{"born_in_chaos_v1:restless_spirit":1,"alexsmobs:raccoon":2,"minecraft:spider":10,"minecraft:skeleton":16,"minecraft:chicken":1,"artifacts:mimic":1,"born_in_chaos_v1:bonescaller":1,"born_in_chaos_v1:wither_strider":2,"born_in_chaos_v1:skeleton_bomb":1,"minecraft:bat":1,"minecraft:creeper":3,"minecraft:sheep":2,"minecraft:zombie":19,"born_in_chaos_v1:dread_hound":4,"minecraft:stray":6,"born_in_chaos_v1:baby_skkl":2}},"DataVersion":2586}