{"stats":{"minecraft:dropped":{"minecraft:wheat_seeds":1,"minecraft:cooked_porkchop":1,"minecraft:feather":2,"minecraft:allium":3,"alexsmobs:raccoon_tail":1},"minecraft:killed":{"alexsmobs:raccoon":2,"minecraft:creeper":2,"minecraft:sheep":2,"minecraft:skeleton":1,"minecraft:zombie":7,"born_in_chaos_v1:dread_hound":2,"minecraft:chicken":1},"minecraft:killed_by":{"unusualend:ender_blob":1},"minecraft:custom":{"minecraft:interact_with_furnace":1,"minecraft:mob_kills":18,"minecraft:interact_with_crafting_table":2,"minecraft:play_one_minute":24206,"minecraft:leave_game":1,"minecraft:time_since_death":5067,"minecraft:sleep_in_bed":1,"minecraft:climb_one_cm":1358,"minecraft:time_since_rest":4942,"minecraft:waystone_activated":1,"minecraft:sprint_one_cm":98260,"minecraft:walk_one_cm":58689,"minecraft:damage_taken":958,"minecraft:damage_absorbed":37,"minecraft:drop":5,"minecraft:damage_dealt":3042,"tombstone:cast_on_ally":0,"minecraft:damage_dealt_absorbed":40,"minecraft:swim_one_cm":6330,"minecraft:talked_to_villager":1,"minecraft:fly_one_cm":146111,"minecraft:open_chest":15,"minecraft:crouch_one_cm":1855,"tombstone:undead_killed":8,"minecraft:deaths":1,"minecraft:sneak_time":825,"minecraft:walk_under_water_one_cm":300,"minecraft:boat_one_cm":248,"minecraft:jump":578,"minecraft:walk_on_water_one_cm":5413,"minecraft:fall_one_cm":17212},"minecraft:picked_up":{"farmersdelight:rich_soil":1,"minecraft:crafting_table":1,"minecraft:allium":4,"minecraft:feather":2,"minecraft:chicken":1,"minecraft:brown_bed":2,"paraglider:spirit_orb":6,"minecraft:oak_log":7,"minecraft:gunpowder":1,"iceandfire:armor_silver_metal_chestplate":1,"minecraft:string":33,"born_in_chaos_v1:monster_skin":2,"minecraft:bone":1,"minecraft:stone_bricks":1,"quark:spruce_chest":1,"minecraft:wheat_seeds":1,"iceandfire:armor_silver_metal_helmet":1,"minecraft:spruce_planks":1,"iceandfire:armor_silver_metal_leggings":1,"minecraft:stone_pickaxe":1,"minecraft:oak_boat":1,"minecraft:mossy_stone_bricks":3,"alexsmobs:raccoon_tail":1,"minecraft:sugar_cane":10,"minecraft:iron_sword":1,"minecraft:furnace":1,"minecraft:book":6,"minecraft:cooked_porkchop":64,"minecraft:spruce_stairs":6,"minecraft:gravel":1,"minecraft:white_dye":1,"tombstone:grave_dust":2,"minecraft:tnt":1,"iceandfire:armor_silver_metal_boots":1,"minecraft:arrow":1,"minecraft:rotten_flesh":8,"minecraft:stone_axe":1,"farmersdelight:onion":1,"minecraft:golden_apple":16,"minecraft:mutton":2,"minecraft:iron_bars":3,"minecraft:cobblestone":4,"minecraft:white_wool":2},"minecraft:crafted":{"minecraft:oak_planks":28,"minecraft:crafting_table":1,"minecraft:mushroom_stew":2,"minecraft:oak_boat":1,"quark:spruce_chest":2},"minecraft:used":{"minecraft:mossy_stone_bricks":10,"minecraft:stone_pickaxe":10,"minecraft:iron_sword":102,"farmersdelight:rich_soil":1,"minecraft:golden_apple":1,"farmersdelight:onion":1,"minecraft:crafting_table":1,"minecraft:spruce_stairs":1,"minecraft:allium":1,"quark:spruce_chest":3,"minecraft:bread":1,"minecraft:gravel":1,"minecraft:stone_bricks":1,"minecraft:stone_axe":18,"minecraft:cobblestone":1,"minecraft:cooked_porkchop":6,"minecraft:oak_boat":1,"minecraft:brown_bed":1},"minecraft:mined":{"farmersdelight:rich_soil":1,"minecraft:crafting_table":1,"minecraft:allium":1,"minecraft:tall_grass":1,"minecraft:sugar_cane":4,"minecraft:spawner":3,"farmersdelight:wild_onions":1,"minecraft:furnace":1,"minecraft:tnt":1,"minecraft:brown_bed":2,"minecraft:grass":8,"minecraft:bookshelf":2,"minecraft:oak_log":8,"minecraft:vine":2,"minecraft:iron_bars":4,"quark:spruce_chest":1,"minecraft:cobweb":33,"minecraft:mossy_stone_bricks":1}},"DataVersion":2586}