{"stats":{"minecraft:killed_by":{"minecraft:zombie":1},"minecraft:custom":{"minecraft:time_since_rest":579,"minecraft:waystone_activated":1,"minecraft:play_one_minute":1840,"minecraft:crouch_one_cm":368,"minecraft:sprint_one_cm":5782,"minecraft:walk_one_cm":5149,"minecraft:damage_taken":310,"minecraft:deaths":1,"minecraft:sneak_time":136,"minecraft:jump":27,"minecraft:leave_game":1,"minecraft:time_since_death":1302,"minecraft:fall_one_cm":418,"minecraft:fly_one_cm":4266},"minecraft:picked_up":{"iceandfire:armor_silver_metal_boots":1,"minecraft:cooked_porkchop":64,"minecraft:stone_axe":1,"iceandfire:armor_silver_metal_helmet":1,"iceandfire:armor_silver_metal_leggings":1,"minecraft:stone_pickaxe":1,"minecraft:golden_apple":16,"iceandfire:armor_silver_metal_chestplate":1,"minecraft:iron_sword":1},"minecraft:used":{"minecraft:cooked_porkchop":1}},"DataVersion":2586}