{"stats":{"minecraft:custom":{"minecraft:interact_with_furnace":14,"minecraft:mob_kills":37,"tombstone:use_vanishing":1,"minecraft:interact_with_crafting_table":8,"minecraft:open_barrel":12,"minecraft:play_one_minute":43964,"minecraft:damage_dealt_resisted":606,"minecraft:leave_game":2,"minecraft:time_since_death":17403,"minecraft:sleep_in_bed":1,"minecraft:climb_one_cm":6669,"minecraft:time_since_rest":16125,"minecraft:waystone_activated":1,"minecraft:sprint_one_cm":179486,"minecraft:damage_absorbed":39,"minecraft:damage_taken":2995,"minecraft:walk_one_cm":110635,"minecraft:damage_blocked_by_shield":835,"minecraft:drop":15,"minecraft:damage_dealt":9340,"minecraft:talked_to_villager":1,"minecraft:swim_one_cm":2182,"minecraft:fly_one_cm":279758,"minecraft:open_chest":20,"minecraft:crouch_one_cm":9421,"tombstone:undead_killed":28,"minecraft:deaths":3,"minecraft:sneak_time":2247,"minecraft:walk_under_water_one_cm":1664,"minecraft:jump":1336,"minecraft:walk_on_water_one_cm":9435,"minecraft:fall_one_cm":30584,"minecraft:inspect_dispenser":2},"minecraft:dropped":{"minecraft:enchanted_book":1,"minecraft:iron_sword":1,"minecraft:rotten_flesh":18,"minecraft:dirt":1,"quark:light_gray_shard":3,"minecraft:redstone":1},"minecraft:mined":{"iceandfire:pixie_jar_empty":2,"iceandfire:copper_pile":4,"minecraft:oak_fence":1,"minecraft:crafting_table":1,"minecraft:torch":4,"minecraft:lever":2,"minecraft:grass_block":10,"minecraft:white_stained_glass_pane":2,"minecraft:redstone_wire":1,"minecraft:tall_grass":2,"minecraft:cobblestone":1,"minecraft:wall_torch":4,"minecraft:spawner":4,"minecraft:black_stained_glass_pane":2,"minecraft:furnace":1,"minecraft:light_gray_stained_glass":2,"minecraft:iron_ore":44,"iceandfire:silver_pile":6,"iceandfire:gold_pile":6,"minecraft:bookshelf":1,"minecraft:oak_log":16,"minecraft:coal_ore":30,"minecraft:gravel":1,"minecraft:smooth_quartz":3,"minecraft:stone_bricks":5,"minecraft:stone":28,"quark:root":3,"minecraft:oak_leaves":10,"minecraft:redstone_wall_torch":1,"minecraft:redstone_lamp":1},"minecraft:crafted":{"minecraft:oak_planks":64,"sophisticatedbackpacks:backpack":1,"minecraft:crafting_table":1,"minecraft:furnace":1,"sophisticatedbackpacks:gold_backpack":1,"minecraft:bucket":1,"minecraft:air":0,"minecraft:leather":4,"tombstone:dust_of_vanishing":1,"minecraft:shield":1,"tombstone:grave_key":1,"minecraft:stick":8,"quark:oak_chest":1,"minecraft:iron_ingot":20,"minecraft:iron_pickaxe":1,"minecraft:chest":1,"minecraft:torch":24,"sophisticatedbackpacks:iron_backpack":1},"minecraft:killed_by":{"minecraft:skeleton":1,"minecraft:zombie":1,"born_in_chaos_v1:dread_hound":1},"minecraft:used":{"minecraft:cooked_mutton":1,"minecraft:water_bucket":3,"minecraft:stone_pickaxe":120,"minecraft:shield":21,"minecraft:iron_sword":150,"minecraft:torch":26,"minecraft:golden_apple":1,"minecraft:dirt":9,"minecraft:crafting_table":1,"tombstone:dust_of_vanishing":1,"minecraft:redstone_torch":4,"minecraft:lever":2,"minecraft:bread":1,"quark:root_item":2,"minecraft:gravel":1,"minecraft:stone_bricks":5,"minecraft:stone_axe":67,"minecraft:redstone_lamp":5,"minecraft:cobblestone":2,"minecraft:furnace":1,"minecraft:cooked_porkchop":21,"born_in_chaos_v1:tridenthayfork":30,"minecraft:bucket":4,"tombstone:gift":4,"minecraft:dandelion":1},"minecraft:picked_up":{"minecraft:crafting_table":1,"minecraft:redstone_lamp":1,"minecraft:leather":1,"minecraft:enchanted_book":2,"paraglider:spirit_orb":8,"minecraft:oak_log":16,"minecraft:gunpowder":4,"iceandfire:armor_silver_metal_chestplate":1,"born_in_chaos_v1:tridenthayfork":1,"minecraft:dirt":10,"born_in_chaos_v1:monster_skin":1,"minecraft:cooked_mutton":1,"minecraft:bone":15,"minecraft:stone_bricks":5,"iceandfire:pixie_jar_empty":2,"minecraft:gold_nugget":36,"iceandfire:armor_silver_metal_helmet":1,"minecraft:bucket":1,"iceandfire:armor_silver_metal_leggings":1,"minecraft:iron_ingot":4,"minecraft:stone_pickaxe":1,"minecraft:iron_ore":44,"minecraft:redstone_torch":1,"quark:root_item":2,"minecraft:smooth_quartz":3,"minecraft:furnace":1,"minecraft:iron_sword":2,"minecraft:phantom_membrane":1,"iceandfire:copper_nugget":28,"minecraft:book":3,"quark:light_gray_shard":3,"born_in_chaos_v1:shattered_skull":1,"minecraft:cooked_porkchop":64,"minecraft:torch":9,"minecraft:dandelion":1,"minecraft:gravel":1,"tombstone:grave_dust":5,"minecraft:redstone":1,"iceandfire:armor_silver_metal_boots":1,"minecraft:arrow":10,"minecraft:rotten_flesh":18,"minecraft:stone_axe":1,"minecraft:lever":2,"minecraft:golden_apple":16,"minecraft:bread":1,"minecraft:gold_ingot":4,"minecraft:jack_o_lantern":2,"tombstone:magic_scroll":2,"iceandfire:silver_nugget":20,"minecraft:coal":30,"minecraft:cobblestone":29},"minecraft:killed":{"born_in_chaos_v1:fallen_chaos_knight":1,"born_in_chaos_v1:bonescaller":1,"minecraft:zombie_villager":1,"born_in_chaos_v1:restless_spirit":1,"born_in_chaos_v1:seared_spirit":1,"born_in_chaos_v1:skeleton_bomb":1,"minecraft:creeper":2,"born_in_chaos_v1:scarlet_persecutor":1,"born_in_chaos_v1:zombieswith_door":1,"born_in_chaos_v1:decrepit_skeleton":2,"minecraft:horse":1,"minecraft:skeleton":14,"minecraft:zombie":5,"born_in_chaos_v1:dread_hound":2,"born_in_chaos_v1:baby_skkl":2}},"DataVersion":2586}