{"stats":{"minecraft:custom":{"minecraft:mob_kills":10,"minecraft:interact_with_crafting_table":2,"minecraft:open_barrel":19,"minecraft:leave_game":1,"minecraft:time_since_death":1744,"minecraft:climb_one_cm":3722,"minecraft:sprint_one_cm":301707,"minecraft:walk_one_cm":154221,"minecraft:damage_blocked_by_shield":780,"minecraft:drop":45,"minecraft:talked_to_villager":6,"minecraft:deaths":9,"minecraft:sneak_time":1858,"minecraft:walk_under_water_one_cm":4568,"minecraft:jump":2554,"minecraft:walk_on_water_one_cm":14119,"minecraft:interact_with_furnace":1,"tombstone:raider_killed":3,"minecraft:play_one_minute":67016,"minecraft:interact_with_stonecutter":1,"minecraft:sleep_in_bed":6,"minecraft:time_since_rest":1585,"minecraft:waystone_activated":1,"minecraft:damage_taken":3813,"minecraft:damage_dealt":2463,"minecraft:swim_one_cm":28629,"minecraft:fly_one_cm":560918,"minecraft:open_chest":45,"minecraft:crouch_one_cm":5803,"tombstone:undead_killed":5,"tombstone:villager_killed":1,"minecraft:fall_one_cm":77091},"minecraft:dropped":{"farmersdelight:tomato_seeds":5,"minecraft:vine":3,"minecraft:wheat_seeds":5,"minecraft:dark_oak_sapling":2,"minecraft:cobblestone":5,"minecraft:red_carpet":3,"minecraft:dirt":2,"artifacts:superstitious_hat":2,"minecraft:dark_oak_fence":2,"tombstone:grave_dust":2,"minecraft:blue_carpet":3,"minecraft:spruce_sapling":1,"minecraft:bone":6,"minecraft:stone_axe":1,"quark:root_item":1,"minecraft:iron_nugget":2,"minecraft:wheat":1,"tombstone:gift":1,"minecraft:rotten_flesh":1,"minecraft:clay_ball":6,"minecraft:azure_bluet":2,"minecraft:gray_terracotta":1,"minecraft:flower_pot":1,"minecraft:chainmail_boots":1,"minecraft:slime_ball":1,"minecraft:iron_bars":2,"minecraft:arrow":6},"minecraft:mined":{"minecraft:dark_oak_planks":3,"minecraft:blue_carpet":3,"minecraft:red_carpet":3,"minecraft:white_bed":2,"minecraft:dark_oak_leaves":30,"iceandfire:copper_pile":2,"minecraft:dark_oak_log":6,"minecraft:dark_oak_fence":1,"minecraft:grass_block":4,"iceandfire:lectern":1,"minecraft:spawner":6,"minecraft:black_stained_glass_pane":5,"minecraft:barrel":6,"minecraft:peony":1,"minecraft:brown_bed":1,"minecraft:vine":1,"iceandfire:gold_pile":3,"minecraft:iron_bars":4,"minecraft:lantern":6,"minecraft:green_carpet":2,"iceandfire:pixie_jar_empty":1,"minecraft:podzol":12,"minecraft:gray_terracotta":1,"minecraft:glass_pane":19,"quark:oak_chest":3,"minecraft:brown_carpet":10,"minecraft:crafting_table":3,"minecraft:clay":1,"minecraft:torch":10,"minecraft:blast_furnace":1,"minecraft:oak_wood":15,"minecraft:cobblestone":6,"minecraft:tall_grass":2,"minecraft:oak_planks":5,"minecraft:wall_torch":10,"minecraft:spruce_stairs":3,"minecraft:stripped_spruce_wood":14,"minecraft:sweet_berry_bush":3,"minecraft:spruce_log":5,"minecraft:grass":13,"minecraft:potted_azure_bluet":1,"iceandfire:silver_pile":3,"minecraft:oak_log":27,"minecraft:gravel":1,"minecraft:pink_stained_glass_pane":2,"minecraft:dirt":4,"minecraft:oak_leaves":22,"minecraft:fern":2,"quark:root":1},"minecraft:crafted":{"minecraft:oak_planks":84,"tombstone:grave_key":6,"minecraft:dark_oak_planks":24,"minecraft:crafting_table":1,"minecraft:spruce_planks":16,"minecraft:wooden_pickaxe":2,"minecraft:stick":4},"minecraft:killed_by":{"minecraft:enderman":1,"minecraft:iron_golem":1,"minecraft:vindicator":3,"alexsmobs:crocodile":1,"minecraft:skeleton":2,"minecraft:zombie":1},"minecraft:used":{"iceandfire:lectern":1,"minecraft:peony":1,"minecraft:spruce_planks":16,"minecraft:shield":12,"minecraft:iron_sword":84,"minecraft:torch":16,"minecraft:dirt":9,"minecraft:carrot":33,"minecraft:dark_oak_planks":26,"minecraft:lantern":6,"minecraft:barrel":6,"minecraft:brown_carpet":9,"minecraft:sweet_berries":4,"tombstone:gift":2,"minecraft:cooked_beef":1,"iceandfire:pixie_jar_empty":1,"minecraft:brown_bed":1,"minecraft:stone_pickaxe":30,"minecraft:oak_planks":71,"minecraft:crafting_table":3,"minecraft:blast_furnace":1,"minecraft:white_bed":3,"minecraft:spruce_log":1,"minecraft:apple":3,"minecraft:bread":9,"minecraft:oak_button":2,"tombstone:grave_key":4,"minecraft:gravel":1,"minecraft:stone_axe":124,"minecraft:cooked_porkchop":5,"quark:oak_chest":3},"minecraft:picked_up":{"minecraft:crafting_table":3,"minecraft:wheat":1,"minecraft:azure_bluet":1,"minecraft:chainmail_boots":1,"minecraft:clay_ball":6,"iceandfire:armor_copper_metal_chestplate":1,"minecraft:brown_bed":1,"iceandfire:manuscript":17,"minecraft:gold_nugget":18,"minecraft:iron_nugget":2,"quark:root_item":1,"minecraft:dark_oak_sapling":2,"iceandfire:armor_copper_metal_leggings":1,"minecraft:torch":38,"minecraft:spruce_stairs":3,"farmersdelight:tomato_seeds":5,"tombstone:grave_dust":1,"minecraft:vine":3,"iceandfire:armor_copper_metal_boots":1,"minecraft:carrot":8,"minecraft:blue_carpet":3,"minecraft:dark_oak_planks":3,"minecraft:brown_carpet":9,"minecraft:arrow":6,"minecraft:rotten_flesh":1,"minecraft:peony":1,"minecraft:gold_ingot":1,"minecraft:iron_bars":6,"minecraft:cobblestone":5,"paraglider:spirit_orb":12,"minecraft:stripped_spruce_wood":14,"minecraft:oak_log":27,"minecraft:chainmail_chestplate":2,"artifacts:superstitious_hat":1,"iceandfire:armor_copper_metal_helmet":1,"minecraft:dirt":12,"minecraft:lantern":6,"minecraft:red_carpet":3,"minecraft:bone":6,"minecraft:apple":1,"iceandfire:pixie_jar_empty":1,"minecraft:gray_terracotta":2,"minecraft:wheat_seeds":5,"minecraft:stone_pickaxe":1,"minecraft:iron_sword":1,"minecraft:oak_planks":5,"iceandfire:copper_nugget":14,"minecraft:cooked_porkchop":64,"minecraft:sweet_berries":3,"minecraft:gravel":1,"minecraft:spruce_sapling":1,"minecraft:blast_furnace":1,"minecraft:white_bed":3,"minecraft:spruce_log":5,"alexsmobs:animal_dictionary":1,"minecraft:dark_oak_log":6,"quark:oak_chest":3,"minecraft:barrel":6,"minecraft:oak_wood":15,"minecraft:stone_axe":2,"iceandfire:lectern":1,"minecraft:golden_apple":16,"minecraft:bread":35,"minecraft:oak_button":2,"minecraft:dark_oak_fence":1,"iceandfire:silver_nugget":10,"minecraft:ender_pearl":1},"minecraft:killed":{"minecraft:vindicator":3,"alexsmobs:tasmanian_devil":1,"minecraft:skeleton":3,"minecraft:zombie":1,"minecraft:stray":1,"minecraft:villager":1}},"DataVersion":2586}