{"stats":{"minecraft:dropped":{"farmersdelight:tomato_seeds":5,"minecraft:stone_axe":1,"minecraft:vine":3,"minecraft:wheat_seeds":5,"minecraft:iron_nugget":2,"minecraft:dark_oak_sapling":2,"minecraft:wheat":1,"minecraft:clay_ball":6,"minecraft:azure_bluet":2,"minecraft:red_carpet":3,"minecraft:dirt":1,"minecraft:gray_terracotta":1,"minecraft:flower_pot":1,"minecraft:dark_oak_fence":2,"tombstone:grave_dust":1,"minecraft:slime_ball":1,"minecraft:blue_carpet":3,"minecraft:spruce_sapling":1},"minecraft:killed":{"minecraft:vindicator":3,"minecraft:villager":1},"minecraft:killed_by":{"minecraft:vindicator":3,"alexsmobs:crocodile":1,"minecraft:iron_golem":1},"minecraft:custom":{"minecraft:interact_with_furnace":1,"minecraft:mob_kills":4,"tombstone:raider_killed":3,"minecraft:play_one_minute":30736,"minecraft:interact_with_stonecutter":1,"minecraft:leave_game":1,"minecraft:time_since_death":4842,"minecraft:sleep_in_bed":1,"minecraft:climb_one_cm":1552,"minecraft:time_since_rest":4378,"minecraft:waystone_activated":1,"minecraft:sprint_one_cm":125552,"minecraft:damage_taken":2078,"minecraft:walk_one_cm":76624,"minecraft:drop":28,"minecraft:damage_dealt":1263,"minecraft:swim_one_cm":9211,"minecraft:talked_to_villager":6,"minecraft:fly_one_cm":260306,"minecraft:open_chest":21,"minecraft:crouch_one_cm":4234,"minecraft:deaths":5,"minecraft:sneak_time":1221,"minecraft:walk_under_water_one_cm":1832,"tombstone:villager_killed":1,"minecraft:jump":1198,"minecraft:walk_on_water_one_cm":4942,"minecraft:fall_one_cm":34114},"minecraft:picked_up":{"minecraft:crafting_table":2,"minecraft:wheat":1,"minecraft:azure_bluet":1,"minecraft:clay_ball":6,"iceandfire:armor_copper_metal_chestplate":1,"minecraft:brown_bed":1,"minecraft:stripped_spruce_wood":14,"minecraft:oak_log":20,"iceandfire:armor_copper_metal_helmet":1,"minecraft:dirt":5,"minecraft:lantern":5,"minecraft:red_carpet":3,"minecraft:apple":1,"iceandfire:pixie_jar_empty":1,"minecraft:gray_terracotta":2,"minecraft:gold_nugget":18,"minecraft:wheat_seeds":5,"minecraft:stone_pickaxe":1,"minecraft:iron_nugget":2,"minecraft:iron_sword":1,"minecraft:dark_oak_sapling":2,"iceandfire:copper_nugget":14,"minecraft:cooked_porkchop":64,"iceandfire:armor_copper_metal_leggings":1,"minecraft:torch":14,"minecraft:spruce_stairs":3,"farmersdelight:tomato_seeds":5,"minecraft:spruce_sapling":1,"minecraft:spruce_log":5,"minecraft:blast_furnace":1,"minecraft:vine":3,"minecraft:white_bed":2,"iceandfire:armor_copper_metal_boots":1,"minecraft:carrot":8,"minecraft:dark_oak_log":6,"quark:oak_chest":2,"minecraft:barrel":4,"minecraft:blue_carpet":3,"minecraft:dark_oak_planks":2,"minecraft:oak_wood":15,"minecraft:stone_axe":2,"iceandfire:lectern":1,"minecraft:golden_apple":16,"minecraft:gold_ingot":1,"minecraft:bread":6,"minecraft:oak_button":2,"minecraft:dark_oak_fence":1,"iceandfire:silver_nugget":10,"minecraft:cobblestone":5},"minecraft:crafted":{"minecraft:oak_planks":56,"tombstone:grave_key":3},"minecraft:used":{"iceandfire:lectern":1,"minecraft:stone_pickaxe":16,"minecraft:oak_planks":40,"minecraft:iron_sword":46,"minecraft:torch":13,"minecraft:dirt":4,"minecraft:crafting_table":2,"minecraft:carrot":17,"minecraft:white_bed":2,"minecraft:dark_oak_planks":2,"minecraft:apple":2,"minecraft:lantern":3,"minecraft:bread":2,"minecraft:oak_button":2,"tombstone:grave_key":2,"minecraft:stone_axe":109,"minecraft:cooked_porkchop":2,"tombstone:gift":2},"minecraft:mined":{"iceandfire:pixie_jar_empty":1,"minecraft:blue_carpet":3,"minecraft:gray_terracotta":1,"minecraft:red_carpet":3,"minecraft:white_bed":1,"minecraft:glass_pane":15,"minecraft:dark_oak_leaves":30,"quark:oak_chest":2,"iceandfire:copper_pile":2,"minecraft:dark_oak_log":6,"minecraft:clay":1,"minecraft:crafting_table":2,"minecraft:torch":8,"minecraft:dark_oak_fence":1,"minecraft:blast_furnace":1,"minecraft:oak_wood":15,"minecraft:grass_block":2,"iceandfire:lectern":1,"minecraft:cobblestone":6,"minecraft:wall_torch":9,"minecraft:spruce_stairs":3,"minecraft:black_stained_glass_pane":5,"minecraft:stripped_spruce_wood":14,"minecraft:barrel":4,"minecraft:spruce_log":5,"minecraft:brown_bed":1,"minecraft:grass":6,"minecraft:potted_azure_bluet":1,"minecraft:oak_log":20,"iceandfire:silver_pile":3,"iceandfire:gold_pile":3,"minecraft:vine":1,"minecraft:lantern":3,"minecraft:dirt":1,"minecraft:oak_leaves":22,"minecraft:dark_oak_planks":2,"minecraft:podzol":2}},"DataVersion":2586}