{"stats":{"minecraft:dropped":{"minecraft:stone_axe":2,"minecraft:sugar_cane":2,"minecraft:wheat_seeds":14,"minecraft:cooked_chicken":1,"minecraft:rotten_flesh":2,"minecraft:item_frame":14,"minecraft:map":1,"minecraft:bow":1,"minecraft:quartz":2,"minecraft:armor_stand":1},"minecraft:killed":{"minecraft:skeleton":1,"minecraft:zombie":1,"minecraft:villager":1},"minecraft:killed_by":{"alexsmobs:crocodile":1,"born_in_chaos_v1:decrepit_skeleton":1,"minecraft:creeper":2,"born_in_chaos_v1:dread_hound":1},"minecraft:custom":{"minecraft:mob_kills":3,"minecraft:interact_with_crafting_table":5,"minecraft:open_barrel":2,"minecraft:play_one_minute":48071,"minecraft:leave_game":1,"minecraft:time_since_death":3439,"minecraft:climb_one_cm":1200,"minecraft:time_since_rest":2494,"minecraft:waystone_activated":1,"minecraft:sprint_one_cm":179035,"minecraft:damage_taken":1747,"minecraft:walk_one_cm":233111,"minecraft:drop":17,"minecraft:damage_dealt":1054,"minecraft:swim_one_cm":19792,"minecraft:talked_to_villager":12,"minecraft:fly_one_cm":59788,"minecraft:open_chest":3,"minecraft:crouch_one_cm":131,"tombstone:undead_killed":2,"minecraft:deaths":5,"minecraft:sneak_time":16,"minecraft:walk_under_water_one_cm":451,"tombstone:villager_killed":1,"minecraft:jump":580,"minecraft:walk_on_water_one_cm":5769,"minecraft:fall_one_cm":9285},"minecraft:picked_up":{"minecraft:crafting_table":2,"minecraft:wheat":32,"minecraft:cooked_beef":1,"minecraft:leather_leggings":1,"iceandfire:armor_copper_metal_chestplate":1,"minecraft:wooden_pickaxe":2,"minecraft:potato":33,"minecraft:enchanted_book":1,"minecraft:oak_log":14,"minecraft:yellow_bed":1,"iceandfire:armor_copper_metal_helmet":1,"minecraft:map":1,"minecraft:dirt":8,"minecraft:item_frame":14,"minecraft:cooked_mutton":1,"minecraft:armor_stand":1,"minecraft:apple":2,"minecraft:beetroot":3,"minecraft:bow":1,"minecraft:wheat_seeds":89,"minecraft:iron_ingot":1,"minecraft:stone_pickaxe":3,"minecraft:cooked_chicken":1,"minecraft:oak_boat":1,"minecraft:rabbit":1,"minecraft:melon_slice":1,"minecraft:sugar_cane":2,"minecraft:oak_planks":13,"minecraft:iron_sword":2,"minecraft:furnace":1,"minecraft:stick":3,"minecraft:cooked_porkchop":64,"minecraft:pumpkin":6,"iceandfire:armor_copper_metal_leggings":1,"minecraft:torch":1,"minecraft:quartz":2,"minecraft:spruce_stairs":16,"minecraft:spruce_fence":1,"rats:plague_doctor_mask":1,"minecraft:cake":2,"minecraft:cookie":2,"iceandfire:armor_copper_metal_boots":1,"minecraft:carrot":63,"minecraft:oak_wood":2,"minecraft:firework_rocket":2,"minecraft:stone_sword":2,"minecraft:rotten_flesh":2,"minecraft:beetroot_seeds":9,"minecraft:diamond":1,"minecraft:stone_axe":3,"minecraft:diamond_boots":1,"minecraft:golden_apple":16,"minecraft:gold_ingot":1,"minecraft:emerald":1,"minecraft:coal":28,"minecraft:ender_pearl":1},"minecraft:crafted":{"minecraft:oak_planks":60,"minecraft:stick":16,"minecraft:torch":52},"minecraft:used":{"minecraft:beetroot":3,"minecraft:wheat_seeds":75,"minecraft:cooked_mutton":1,"minecraft:stone_pickaxe":1,"minecraft:oak_planks":56,"minecraft:wooden_pickaxe":29,"minecraft:iron_sword":18,"minecraft:torch":14,"minecraft:dirt":8,"minecraft:crafting_table":2,"minecraft:spruce_stairs":16,"minecraft:spruce_fence":1,"minecraft:cake":2,"minecraft:oak_log":1,"minecraft:firework_rocket":1,"minecraft:melon_slice":1,"minecraft:stone_axe":185,"minecraft:cooked_porkchop":4,"minecraft:beetroot_seeds":9,"alexsmobs:animal_dictionary":2},"minecraft:mined":{"minecraft:crafting_table":2,"minecraft:oak_wood":2,"minecraft:grass_block":1,"minecraft:spruce_fence":2,"minecraft:tall_grass":4,"minecraft:oak_planks":13,"minecraft:spruce_stairs":16,"minecraft:furnace":1,"minecraft:carrots":34,"minecraft:wheat":72,"minecraft:pumpkin":6,"minecraft:yellow_bed":1,"minecraft:grass":8,"minecraft:coal_ore":25,"minecraft:oak_log":16,"minecraft:potatoes":15,"minecraft:beetroots":3,"minecraft:stone":1,"minecraft:cake":1,"minecraft:oak_leaves":4}},"DataVersion":2586}