{"stats":{"minecraft:custom":{"minecraft:interact_with_furnace":6,"minecraft:mob_kills":3,"minecraft:interact_with_crafting_table":12,"minecraft:open_barrel":2,"minecraft:play_one_minute":82448,"minecraft:leave_game":1,"minecraft:time_since_death":37816,"minecraft:sleep_in_bed":3,"minecraft:climb_one_cm":1200,"minecraft:time_since_rest":1141,"minecraft:waystone_activated":1,"minecraft:sprint_one_cm":240631,"minecraft:damage_taken":2077,"minecraft:walk_one_cm":362176,"minecraft:drop":26,"minecraft:damage_dealt":1168,"minecraft:swim_one_cm":21962,"minecraft:talked_to_villager":18,"minecraft:fly_one_cm":99916,"minecraft:open_chest":5,"minecraft:crouch_one_cm":515,"tombstone:undead_killed":2,"minecraft:deaths":5,"minecraft:sneak_time":121,"minecraft:walk_under_water_one_cm":539,"minecraft:boat_one_cm":689,"tombstone:villager_killed":1,"minecraft:jump":1145,"minecraft:walk_on_water_one_cm":5926,"minecraft:fall_one_cm":15692},"minecraft:dropped":{"minecraft:stone_axe":2,"minecraft:sugar_cane":2,"minecraft:wheat_seeds":14,"minecraft:cooked_chicken":1,"minecraft:wheat":4,"minecraft:clay_ball":4,"minecraft:rotten_flesh":2,"minecraft:coal":1,"minecraft:item_frame":14,"minecraft:map":1,"minecraft:bow":1,"minecraft:quartz":2,"minecraft:armor_stand":1},"minecraft:mined":{"quark:oak_chest":1,"minecraft:clay":1,"minecraft:crafting_table":2,"minecraft:torch":8,"minecraft:oak_wood":39,"minecraft:grass_block":16,"minecraft:spruce_fence":2,"gobber2:gobber2_lucky_block":1,"quark:stone_speleothem":3,"minecraft:cobblestone":1,"minecraft:tall_grass":4,"minecraft:oak_planks":67,"minecraft:wall_torch":2,"minecraft:spruce_stairs":16,"minecraft:furnace":1,"minecraft:carrots":34,"minecraft:iron_ore":38,"minecraft:wheat":72,"minecraft:pumpkin":7,"minecraft:yellow_bed":2,"minecraft:grass":12,"minecraft:oak_log":22,"minecraft:potatoes":15,"minecraft:coal_ore":83,"minecraft:beetroots":3,"minecraft:dirt":5,"minecraft:stone":6,"minecraft:cake":1,"minecraft:oak_leaves":4},"minecraft:crafted":{"minecraft:oak_planks":232,"minecraft:crafting_table":1,"minecraft:stick":20,"quark:oak_chest":1,"minecraft:iron_ingot":38,"minecraft:wooden_axe":1,"minecraft:torch":72},"minecraft:killed_by":{"alexsmobs:crocodile":1,"born_in_chaos_v1:decrepit_skeleton":1,"minecraft:creeper":2,"born_in_chaos_v1:dread_hound":1},"minecraft:used":{"minecraft:beetroot":3,"minecraft:wheat_seeds":75,"minecraft:cooked_mutton":1,"gobber2:gobber2_goo":1,"minecraft:rabbit":1,"minecraft:stone_pickaxe":91,"minecraft:oak_planks":265,"minecraft:wooden_pickaxe":61,"minecraft:iron_sword":18,"minecraft:cookie":2,"minecraft:torch":82,"minecraft:dirt":23,"minecraft:crafting_table":3,"minecraft:carrot":3,"minecraft:spruce_stairs":16,"minecraft:spruce_fence":1,"minecraft:cake":2,"minecraft:oak_log":1,"minecraft:wooden_axe":44,"minecraft:apple":2,"minecraft:firework_rocket":1,"minecraft:melon_slice":1,"minecraft:stone_axe":234,"minecraft:cobblestone":6,"minecraft:furnace":1,"minecraft:cooked_porkchop":4,"minecraft:oak_boat":3,"minecraft:beetroot_seeds":9,"quark:oak_chest":2,"minecraft:yellow_bed":2,"alexsmobs:animal_dictionary":2,"minecraft:cooked_beef":1,"minecraft:potato":2,"minecraft:pumpkin":7},"minecraft:picked_up":{"minecraft:crafting_table":2,"minecraft:wheat":65,"minecraft:cooked_beef":1,"minecraft:clay_ball":4,"minecraft:leather_leggings":1,"minecraft:lead":1,"iceandfire:armor_copper_metal_chestplate":1,"minecraft:wooden_pickaxe":2,"minecraft:potato":33,"minecraft:enchanted_book":1,"minecraft:oak_log":21,"minecraft:yellow_bed":2,"iceandfire:armor_copper_metal_helmet":1,"minecraft:map":1,"minecraft:dirt":28,"minecraft:item_frame":14,"minecraft:armor_stand":1,"minecraft:cooked_mutton":1,"minecraft:apple":2,"minecraft:beetroot":3,"minecraft:bow":1,"minecraft:wheat_seeds":91,"minecraft:iron_ore":38,"minecraft:iron_ingot":1,"minecraft:stone_pickaxe":3,"minecraft:cooked_chicken":1,"minecraft:oak_boat":3,"minecraft:rabbit":1,"minecraft:melon_slice":1,"minecraft:sugar_cane":2,"minecraft:iron_sword":2,"minecraft:oak_planks":67,"minecraft:furnace":1,"minecraft:stick":3,"minecraft:cooked_porkchop":64,"minecraft:pumpkin":7,"iceandfire:armor_copper_metal_leggings":1,"minecraft:torch":16,"minecraft:quartz":2,"minecraft:spruce_stairs":16,"minecraft:spruce_fence":1,"rats:plague_doctor_mask":1,"minecraft:cake":2,"minecraft:cookie":2,"minecraft:carrot":63,"iceandfire:armor_copper_metal_boots":1,"quark:oak_chest":1,"minecraft:firework_rocket":2,"minecraft:oak_wood":38,"minecraft:stone_sword":2,"minecraft:rotten_flesh":2,"minecraft:diamond":1,"minecraft:stone_axe":3,"minecraft:beetroot_seeds":9,"minecraft:diamond_boots":1,"minecraft:golden_apple":16,"minecraft:emerald":1,"minecraft:gold_ingot":1,"gobber2:gobber2_goo":1,"minecraft:coal":86,"minecraft:cobblestone":6,"minecraft:ender_pearl":1},"minecraft:broken":{"minecraft:stone_axe":1,"minecraft:wooden_pickaxe":1},"minecraft:killed":{"minecraft:skeleton":1,"minecraft:zombie":1,"minecraft:villager":1}},"DataVersion":2586}